{"cameraMode":{"drawMode":0,"name":"Shaded","section":"Shading Mode"},"sceneLighting":true,"audioPlay":false,"sceneViewState":{"showFog":true,"showMaterialUpdate":true,"showSkybox":true,"showFlares":true,"showImageEffects":true,"showParticleSystems":true},"in2DMode":false,"pivot":{"x":-12.070331573486329,"y":-18.569232940673829,"z":44.039493560791019},"rotation":{"x":-0.1718439757823944,"y":-0.35160091519355776,"z":0.0660080686211586,"w":-0.9181056618690491},"size":80.84573364257813,"orthographic":false}