{"cameraMode":{"drawMode":0,"name":"Shaded","section":"Shading Mode"},"sceneLighting":false,"audioPlay":false,"sceneViewState":{"showFog":true,"showMaterialUpdate":true,"showSkybox":false,"showFlares":true,"showImageEffects":true,"showParticleSystems":true},"in2DMode":false,"pivot":{"x":43.10364532470703,"y":42.804298400878909,"z":1600.4361572265625},"rotation":{"x":-0.10176826268434525,"y":-0.03402849659323692,"z":0.0034573208540678026,"w":-0.9942725896835327},"size":40.93062973022461,"orthographic":false}